Sex,Sex,Age,Pclass,Survived,Fare
female,2,36.5,3.0,0.0,15.3
male,23,27.347826086956523,3.0,0.08695652173913043,9.847100000000001
