Sex,Sex,Age,Pclass,Survived,Fare
female,15,26.8,2.466666666666667,0.6666666666666666,32.36666666666667
male,27,25.11111111111111,2.5555555555555554,0.14814814814814814,29.46851851851852
