Sex,Sex,Age,Pclass,Survived,Fare
female,29,34.48275862068966,1.0,0.9655172413793104,137.24798275862068
male,31,36.645161290322584,1.0,0.3548387096774194,107.89153225806452
