Sex,Sex,Age,Pclass,Survived,Fare
female,6,25.5,3.0,0.5,9.266666666666667
male,30,28.033333333333335,2.966666666666667,0.23333333333333334,7.966666666666667
